_id,id,userID,tech,proficiency,certification,staus
6617c4e396fb1df60617a526,6617c305fc13ae2ab5ab89f5,449,React,Intermediate,,Approved
6617c4e496fb1df60617a527,6617c305fc13ae2ab5ab89f6,182,C++,Intermediate,examiner.com,Approved
6617c4e496fb1df60617a528,6617c305fc13ae2ab5ab89f7,482,ADF,Beginner,istockphoto.com,Approved
6617c4e496fb1df60617a529,6617c305fc13ae2ab5ab89f8,216,SQL,Intermediate,,Approved
6617c4e496fb1df60617a52a,6617c305fc13ae2ab5ab89f9,436,Node,Advanced,timesonline.co.uk,Pending
6617c4e496fb1df60617a52b,6617c305fc13ae2ab5ab89fa,74,React,Beginner,bravesites.com,Approved
6617c4e496fb1df60617a52c,6617c305fc13ae2ab5ab89fb,20,DBT,Advanced,pbs.org,Approved
6617c4e496fb1df60617a52d,6617c305fc13ae2ab5ab89fc,289,AWS,Beginner,weather.com,Pending
6617c4e496fb1df60617a52e,6617c305fc13ae2ab5ab89fd,301,Next JS,Intermediate,,Approved
6617c4e496fb1df60617a52f,6617c305fc13ae2ab5ab89fe,332,JavaScript,Advanced,hibu.com,Approved
6617c4e496fb1df60617a530,6617c305fc13ae2ab5ab89ff,298,SQL,Beginner,time.com,Pending
6617c4e496fb1df60617a531,6617c305fc13ae2ab5ab8a00,191,MongoDB,Intermediate,deliciousdays.com,Pending
6617c4e496fb1df60617a532,6617c305fc13ae2ab5ab8a01,448,C++,Intermediate,china.com.cn,Approved
6617c4e496fb1df60617a533,6617c305fc13ae2ab5ab8a02,187,React,Beginner,,Approved
6617c4e496fb1df60617a534,6617c305fc13ae2ab5ab8a03,333,PowerBi,Advanced,istockphoto.com,Pending
6617c4e496fb1df60617a535,6617c305fc13ae2ab5ab8a04,235,CSS,Intermediate,bbc.co.uk,Approved
6617c4e496fb1df60617a536,6617c305fc13ae2ab5ab8a05,39,CSS,Beginner,,Pending
6617c4e496fb1df60617a537,6617c305fc13ae2ab5ab8a06,381,HTML,Beginner,columbia.edu,Pending
6617c4e496fb1df60617a538,6617c305fc13ae2ab5ab8a07,48,PHP,Intermediate,cnbc.com,Approved
6617c4e496fb1df60617a539,6617c305fc13ae2ab5ab8a08,12,SQL,Advanced,purevolume.com,Pending
6617c4e496fb1df60617a53a,6617c305fc13ae2ab5ab8a09,421,Java,Beginner,,Pending
6617c4e596fb1df60617a53b,6617c305fc13ae2ab5ab8a0a,86,JavaScript,Advanced,live.com,Pending
6617c4e596fb1df60617a53c,6617c305fc13ae2ab5ab8a0b,290,DBT,Advanced,,Approved
6617c4e596fb1df60617a53d,6617c305fc13ae2ab5ab8a0c,205,Java,Beginner,webeden.co.uk,Pending
6617c4e596fb1df60617a53e,6617c305fc13ae2ab5ab8a0d,331,DBT,Beginner,,Approved
6617c4e596fb1df60617a53f,6617c305fc13ae2ab5ab8a0e,232,Express,Beginner,exblog.jp,Pending
6617c4e596fb1df60617a540,6617c305fc13ae2ab5ab8a0f,445,Node,Intermediate,mayoclinic.com,Approved
6617c4e596fb1df60617a541,6617c305fc13ae2ab5ab8a10,132,Java,Intermediate,hp.com,Pending
6617c4e596fb1df60617a542,6617c305fc13ae2ab5ab8a11,174,C++,Beginner,omniture.com,Approved
6617c4e596fb1df60617a543,6617c305fc13ae2ab5ab8a12,43,Snowflake,Beginner,answers.com,Pending
6617c4e596fb1df60617a544,6617c305fc13ae2ab5ab8a13,488,HTML,Intermediate,,Pending
6617c4e596fb1df60617a545,6617c305fc13ae2ab5ab8a14,75,ADF,Advanced,,Pending
6617c4e596fb1df60617a546,6617c305fc13ae2ab5ab8a15,449,C,Beginner,,Approved
6617c4e596fb1df60617a547,6617c305fc13ae2ab5ab8a16,477,React,Intermediate,purevolume.com,Approved
6617c4e596fb1df60617a548,6617c305fc13ae2ab5ab8a17,71,C,Beginner,prlog.org,Approved
6617c4e596fb1df60617a549,6617c305fc13ae2ab5ab8a18,298,SQL,Beginner,umich.edu,Approved
6617c4e596fb1df60617a54a,6617c305fc13ae2ab5ab8a19,71,Snowflake,Intermediate,,Approved
6617c4e596fb1df60617a54b,6617c305fc13ae2ab5ab8a1a,102,CSS,Intermediate,dmoz.org,Approved
6617c4e596fb1df60617a54c,6617c305fc13ae2ab5ab8a1b,298,Python,Advanced,typepad.com,Pending
6617c4e596fb1df60617a54d,6617c305fc13ae2ab5ab8a1c,188,Node,Intermediate,wikimedia.org,Pending
6617c4e596fb1df60617a54e,6617c305fc13ae2ab5ab8a1d,483,C++,Advanced,,Approved
6617c4e596fb1df60617a54f,6617c305fc13ae2ab5ab8a1e,105,C++,Intermediate,,Pending
6617c4e596fb1df60617a550,6617c305fc13ae2ab5ab8a1f,198,HTML,Intermediate,mayoclinic.com,Approved
6617c4e596fb1df60617a551,6617c305fc13ae2ab5ab8a20,369,MongoDB,Advanced,godaddy.com,Approved
6617c4e596fb1df60617a552,6617c305fc13ae2ab5ab8a21,331,Python,Beginner,github.io,Approved
6617c4e596fb1df60617a553,6617c305fc13ae2ab5ab8a22,107,Express,Beginner,army.mil,Pending
6617c4e596fb1df60617a554,6617c305fc13ae2ab5ab8a23,226,JavaScript,Beginner,cnn.com,Approved
6617c4e596fb1df60617a555,6617c305fc13ae2ab5ab8a24,198,React,Intermediate,,Approved
6617c4e596fb1df60617a556,6617c305fc13ae2ab5ab8a25,190,Snowflake,Intermediate,imageshack.us,Approved
6617c4e596fb1df60617a557,6617c305fc13ae2ab5ab8a26,338,C,Advanced,,Approved
6617c4e596fb1df60617a558,6617c305fc13ae2ab5ab8a27,337,Python,Beginner,friendfeed.com,Pending
6617c4e596fb1df60617a559,6617c305fc13ae2ab5ab8a28,197,ADF,Intermediate,icio.us,Approved
6617c4e596fb1df60617a55a,6617c305fc13ae2ab5ab8a29,440,PowerBi,Advanced,,Approved
6617c4e596fb1df60617a55b,6617c305fc13ae2ab5ab8a2a,414,MongoDB,Intermediate,,Pending
6617c4e696fb1df60617a55c,6617c305fc13ae2ab5ab8a2b,29,Next JS,Intermediate,ca.gov,Approved
6617c4e696fb1df60617a55d,6617c305fc13ae2ab5ab8a2c,91,ADF,Beginner,omniture.com,Approved
6617c4e696fb1df60617a55e,6617c305fc13ae2ab5ab8a2d,416,PHP,Beginner,i2i.jp,Pending
6617c4e696fb1df60617a55f,6617c305fc13ae2ab5ab8a2e,42,Python,Advanced,issuu.com,Pending
6617c4e696fb1df60617a560,6617c305fc13ae2ab5ab8a2f,483,CSS,Advanced,soup.io,Approved
6617c4e696fb1df60617a561,6617c305fc13ae2ab5ab8a30,193,CSS,Beginner,,Approved
6617c4e696fb1df60617a562,6617c305fc13ae2ab5ab8a31,219,React,Intermediate,123-reg.co.uk,Approved
6617c4e696fb1df60617a563,6617c305fc13ae2ab5ab8a32,144,ADF,Intermediate,infoseek.co.jp,Pending
6617c4e696fb1df60617a564,6617c305fc13ae2ab5ab8a33,230,C,Advanced,cafepress.com,Approved
6617c4e696fb1df60617a565,6617c305fc13ae2ab5ab8a34,94,C++,Advanced,addtoany.com,Pending
6617c4e696fb1df60617a566,6617c305fc13ae2ab5ab8a35,378,HTML,Beginner,yahoo.com,Approved
6617c4e696fb1df60617a567,6617c305fc13ae2ab5ab8a36,108,JavaScript,Beginner,sciencedaily.com,Approved
6617c4e696fb1df60617a568,6617c305fc13ae2ab5ab8a37,448,C,Intermediate,uiuc.edu,Pending
6617c4e696fb1df60617a569,6617c305fc13ae2ab5ab8a38,132,MongoDB,Beginner,princeton.edu,Approved
6617c4e696fb1df60617a56a,6617c305fc13ae2ab5ab8a39,131,ADF,Intermediate,fda.gov,Approved
6617c4e696fb1df60617a56b,6617c305fc13ae2ab5ab8a3a,75,PowerBi,Intermediate,posterous.com,Pending
6617c4e696fb1df60617a56c,6617c305fc13ae2ab5ab8a3b,306,DBT,Intermediate,163.com,Pending
6617c4e696fb1df60617a56d,6617c305fc13ae2ab5ab8a3c,242,C++,Intermediate,miibeian.gov.cn,Approved
6617c4e696fb1df60617a56e,6617c305fc13ae2ab5ab8a3d,288,Node,Beginner,,Pending
6617c4e696fb1df60617a56f,6617c305fc13ae2ab5ab8a3e,364,JavaScript,Intermediate,,Approved
6617c4e696fb1df60617a570,6617c305fc13ae2ab5ab8a3f,355,C++,Advanced,intel.com,Approved
6617c4e696fb1df60617a571,6617c305fc13ae2ab5ab8a40,382,React,Intermediate,yahoo.co.jp,Pending
6617c4e696fb1df60617a572,6617c305fc13ae2ab5ab8a41,224,Node,Advanced,timesonline.co.uk,Approved
6617c4e696fb1df60617a573,6617c305fc13ae2ab5ab8a42,93,HTML,Intermediate,house.gov,Pending
6617c4e696fb1df60617a574,6617c305fc13ae2ab5ab8a43,188,PHP,Intermediate,narod.ru,Pending
6617c4e696fb1df60617a575,6617c305fc13ae2ab5ab8a44,22,DBT,Intermediate,archive.org,Approved
6617c4e696fb1df60617a576,6617c305fc13ae2ab5ab8a45,94,PowerBi,Beginner,army.mil,Approved
6617c4e696fb1df60617a577,6617c305fc13ae2ab5ab8a46,108,Express,Beginner,,Approved
6617c4e696fb1df60617a578,6617c305fc13ae2ab5ab8a47,327,PowerBi,Advanced,,Pending
6617c4e696fb1df60617a579,6617c305fc13ae2ab5ab8a48,237,C,Beginner,,Approved
6617c4e696fb1df60617a57a,6617c305fc13ae2ab5ab8a49,152,PowerBi,Beginner,arizona.edu,Approved
6617c4e696fb1df60617a57b,6617c305fc13ae2ab5ab8a4a,87,CSS,Intermediate,woothemes.com,Approved
6617c4e796fb1df60617a57c,6617c305fc13ae2ab5ab8a4b,378,CSS,Advanced,liveinternet.ru,Approved
6617c4e796fb1df60617a57d,6617c305fc13ae2ab5ab8a4c,288,ADF,Intermediate,cnet.com,Approved
6617c4e796fb1df60617a57e,6617c305fc13ae2ab5ab8a4d,325,AWS,Beginner,epa.gov,Pending
6617c4e796fb1df60617a57f,6617c305fc13ae2ab5ab8a4e,468,Node,Beginner,unc.edu,Approved
6617c4e796fb1df60617a580,6617c305fc13ae2ab5ab8a4f,135,Snowflake,Intermediate,slideshare.net,Pending
6617c4e796fb1df60617a581,6617c305fc13ae2ab5ab8a50,372,C,Advanced,,Approved
6617c4e796fb1df60617a582,6617c305fc13ae2ab5ab8a51,481,ADF,Beginner,nydailynews.com,Approved
6617c4e796fb1df60617a583,6617c305fc13ae2ab5ab8a52,178,Node,Advanced,nymag.com,Approved
6617c4e796fb1df60617a584,6617c305fc13ae2ab5ab8a53,84,PHP,Intermediate,ft.com,Approved
6617c4e796fb1df60617a585,6617c305fc13ae2ab5ab8a54,224,CSS,Intermediate,,Approved
6617c4e796fb1df60617a586,6617c305fc13ae2ab5ab8a55,174,Next JS,Intermediate,,Approved
6617c4e796fb1df60617a587,6617c305fc13ae2ab5ab8a56,357,JavaScript,Beginner,cornell.edu,Pending
6617c4e796fb1df60617a588,6617c305fc13ae2ab5ab8a57,23,PHP,Intermediate,printfriendly.com,Approved
6617c4e796fb1df60617a589,6617c305fc13ae2ab5ab8a58,103,C,Beginner,irs.gov,Approved
6617c4e796fb1df60617a58a,6617c305fc13ae2ab5ab8a59,464,CSS,Intermediate,tuttocitta.it,Approved
6617c4e796fb1df60617a58b,6617c305fc13ae2ab5ab8a5a,414,DBT,Intermediate,alibaba.com,Approved
6617c4e796fb1df60617a58c,6617c305fc13ae2ab5ab8a5b,202,SQL,Advanced,,Pending
6617c4e796fb1df60617a58d,6617c305fc13ae2ab5ab8a5c,40,C,Intermediate,merriam-webster.com,Approved
6617c4e796fb1df60617a58e,6617c305fc13ae2ab5ab8a5d,198,Python,Advanced,,Approved
6617c4e796fb1df60617a58f,6617c305fc13ae2ab5ab8a5e,29,JavaScript,Beginner,cargocollective.com,Approved
6617c4e796fb1df60617a590,6617c305fc13ae2ab5ab8a5f,214,CSS,Beginner,,Approved
6617c4e796fb1df60617a591,6617c305fc13ae2ab5ab8a60,78,ADF,Intermediate,,Pending
6617c4e796fb1df60617a592,6617c305fc13ae2ab5ab8a61,447,DBT,Intermediate,gravatar.com,Approved
6617c4e796fb1df60617a593,6617c305fc13ae2ab5ab8a62,197,PowerBi,Advanced,pinterest.com,Pending
6617c4e796fb1df60617a594,6617c305fc13ae2ab5ab8a63,123,Node,Intermediate,,Pending
6617c4e796fb1df60617a595,6617c305fc13ae2ab5ab8a64,423,Next JS,Beginner,desdev.cn,Approved
6617c4e796fb1df60617a596,6617c305fc13ae2ab5ab8a65,437,PowerBi,Intermediate,hao123.com,Approved
6617c4e796fb1df60617a597,6617c305fc13ae2ab5ab8a66,35,ADF,Advanced,fastcompany.com,Approved
6617c4e796fb1df60617a598,6617c305fc13ae2ab5ab8a67,488,React,Intermediate,chronoengine.com,Pending
6617c4e796fb1df60617a599,6617c305fc13ae2ab5ab8a68,135,C,Intermediate,wikia.com,Pending
6617c4e796fb1df60617a59a,6617c305fc13ae2ab5ab8a69,432,C,Beginner,,Pending
6617c4e796fb1df60617a59b,6617c305fc13ae2ab5ab8a6a,178,AWS,Beginner,,Approved
6617c4e896fb1df60617a59c,6617c305fc13ae2ab5ab8a6b,85,Next JS,Intermediate,skype.com,Pending
6617c4e896fb1df60617a59d,6617c305fc13ae2ab5ab8a6c,144,Next JS,Beginner,,Approved
6617c4e896fb1df60617a59e,6617c305fc13ae2ab5ab8a6d,127,ADF,Intermediate,,Pending
6617c4e896fb1df60617a59f,6617c305fc13ae2ab5ab8a6e,367,SQL,Beginner,hubpages.com,Pending
6617c4e896fb1df60617a5a0,6617c305fc13ae2ab5ab8a6f,296,ADF,Advanced,icq.com,Pending
6617c4e896fb1df60617a5a1,6617c305fc13ae2ab5ab8a70,331,Snowflake,Beginner,qq.com,Approved
6617c4e896fb1df60617a5a2,6617c305fc13ae2ab5ab8a71,57,SQL,Advanced,discovery.com,Pending
6617c4e896fb1df60617a5a3,6617c305fc13ae2ab5ab8a72,10,AWS,Beginner,sourceforge.net,Approved
6617c4e896fb1df60617a5a4,6617c305fc13ae2ab5ab8a73,108,React,Advanced,twitter.com,Approved
6617c4e896fb1df60617a5a5,6617c305fc13ae2ab5ab8a74,107,Next JS,Intermediate,themeforest.net,Pending
6617c4e896fb1df60617a5a6,6617c305fc13ae2ab5ab8a75,451,MongoDB,Advanced,about.me,Approved
6617c4e896fb1df60617a5a7,6617c305fc13ae2ab5ab8a76,407,SQL,Advanced,google.nl,Approved
6617c4e896fb1df60617a5a8,6617c305fc13ae2ab5ab8a77,440,Snowflake,Beginner,freewebs.com,Pending
6617c4e896fb1df60617a5a9,6617c305fc13ae2ab5ab8a78,416,PHP,Beginner,yahoo.com,Approved
6617c4e896fb1df60617a5aa,6617c305fc13ae2ab5ab8a79,215,HTML,Beginner,,Pending
6617c4e896fb1df60617a5ab,6617c305fc13ae2ab5ab8a7a,214,PowerBi,Intermediate,prlog.org,Pending
6617c4e896fb1df60617a5ac,6617c305fc13ae2ab5ab8a7b,489,HTML,Advanced,,Pending
6617c4e896fb1df60617a5ad,6617c305fc13ae2ab5ab8a7c,54,C,Intermediate,admin.ch,Approved
6617c4e896fb1df60617a5ae,6617c305fc13ae2ab5ab8a7d,298,PowerBi,Advanced,sohu.com,Pending
6617c4e896fb1df60617a5af,6617c305fc13ae2ab5ab8a7e,199,C,Intermediate,msu.edu,Pending
6617c4e896fb1df60617a5b0,6617c305fc13ae2ab5ab8a7f,156,Express,Advanced,,Pending
6617c4e896fb1df60617a5b1,6617c305fc13ae2ab5ab8a80,431,Express,Beginner,,Approved
6617c4e896fb1df60617a5b2,6617c305fc13ae2ab5ab8a81,170,React,Intermediate,,Approved
6617c4e896fb1df60617a5b3,6617c305fc13ae2ab5ab8a82,28,HTML,Advanced,,Approved
6617c4e896fb1df60617a5b4,6617c305fc13ae2ab5ab8a83,95,React,Intermediate,,Approved
6617c4e896fb1df60617a5b5,6617c305fc13ae2ab5ab8a84,342,Python,Advanced,blogs.com,Pending
6617c4e896fb1df60617a5b6,6617c305fc13ae2ab5ab8a85,404,Next JS,Advanced,noaa.gov,Approved
6617c4e896fb1df60617a5b7,6617c305fc13ae2ab5ab8a86,335,Python,Intermediate,github.io,Pending
6617c4e896fb1df60617a5b8,6617c305fc13ae2ab5ab8a87,153,Next JS,Advanced,dedecms.com,Approved
6617c4e896fb1df60617a5b9,6617c305fc13ae2ab5ab8a88,342,HTML,Intermediate,,Approved
6617c4e896fb1df60617a5ba,6617c305fc13ae2ab5ab8a89,4,Express,Beginner,,Approved
6617c4e996fb1df60617a5bb,6617c305fc13ae2ab5ab8a8a,60,Next JS,Advanced,histats.com,Pending
6617c4e996fb1df60617a5bc,6617c305fc13ae2ab5ab8a8b,113,C,Intermediate,phoca.cz,Approved
6617c4e996fb1df60617a5bd,6617c305fc13ae2ab5ab8a8c,123,JavaScript,Intermediate,,Pending
6617c4e996fb1df60617a5be,6617c305fc13ae2ab5ab8a8d,103,Node,Beginner,,Pending
6617c4e996fb1df60617a5bf,6617c305fc13ae2ab5ab8a8e,297,PHP,Advanced,,Approved
6617c4e996fb1df60617a5c0,6617c305fc13ae2ab5ab8a8f,141,AWS,Advanced,,Approved
6617c4e996fb1df60617a5c1,6617c305fc13ae2ab5ab8a90,213,ADF,Intermediate,,Approved
6617c4e996fb1df60617a5c2,6617c305fc13ae2ab5ab8a91,420,Java,Beginner,cmu.edu,Pending
6617c4e996fb1df60617a5c3,6617c305fc13ae2ab5ab8a92,422,React,Beginner,,Pending
6617c4e996fb1df60617a5c4,6617c305fc13ae2ab5ab8a93,233,PowerBi,Beginner,,Approved
6617c4e996fb1df60617a5c5,6617c305fc13ae2ab5ab8a94,226,C,Intermediate,,Pending
6617c4e996fb1df60617a5c6,6617c305fc13ae2ab5ab8a95,234,Node,Advanced,,Approved
6617c4e996fb1df60617a5c7,6617c305fc13ae2ab5ab8a96,25,Express,Beginner,discuz.net,Pending
6617c4e996fb1df60617a5c8,6617c305fc13ae2ab5ab8a97,244,MongoDB,Intermediate,,Pending
6617c4e996fb1df60617a5c9,6617c305fc13ae2ab5ab8a98,300,Node,Beginner,,Approved
6617c4e996fb1df60617a5ca,6617c305fc13ae2ab5ab8a99,416,C++,Beginner,accuweather.com,Approved
6617c4e996fb1df60617a5cb,6617c305fc13ae2ab5ab8a9a,164,HTML,Intermediate,sakura.ne.jp,Approved
6617c4e996fb1df60617a5cc,6617c305fc13ae2ab5ab8a9b,422,MongoDB,Intermediate,google.com.br,Approved
6617c4e996fb1df60617a5cd,6617c305fc13ae2ab5ab8a9c,219,SQL,Intermediate,cocolog-nifty.com,Pending
6617c4e996fb1df60617a5ce,6617c305fc13ae2ab5ab8a9d,427,JavaScript,Beginner,,Pending
6617c4e996fb1df60617a5cf,6617c305fc13ae2ab5ab8a9e,449,Node,Intermediate,opensource.org,Approved
6617c4e996fb1df60617a5d0,6617c305fc13ae2ab5ab8a9f,406,DBT,Advanced,sogou.com,Approved
6617c4e996fb1df60617a5d1,6617c305fc13ae2ab5ab8aa0,418,CSS,Beginner,ted.com,Approved
6617c4e996fb1df60617a5d2,6617c305fc13ae2ab5ab8aa1,467,Snowflake,Advanced,quantcast.com,Pending
6617c4e996fb1df60617a5d3,6617c305fc13ae2ab5ab8aa2,33,C,Beginner,macromedia.com,Pending
6617c4e996fb1df60617a5d4,6617c305fc13ae2ab5ab8aa3,145,Node,Advanced,umich.edu,Approved
6617c4e996fb1df60617a5d5,6617c305fc13ae2ab5ab8aa4,42,Snowflake,Intermediate,,Approved
6617c4e996fb1df60617a5d6,6617c305fc13ae2ab5ab8aa5,174,C,Advanced,,Approved
6617c4e996fb1df60617a5d7,6617c305fc13ae2ab5ab8aa6,175,Java,Beginner,,Approved
6617c4e996fb1df60617a5d8,6617c305fc13ae2ab5ab8aa7,349,Python,Intermediate,,Approved
6617c4e996fb1df60617a5d9,6617c305fc13ae2ab5ab8aa8,329,React,Beginner,technorati.com,Approved
6617c4e996fb1df60617a5da,6617c305fc13ae2ab5ab8aa9,61,Node,Advanced,deliciousdays.com,Approved
6617c4e996fb1df60617a5db,6617c305fc13ae2ab5ab8aaa,240,PowerBi,Intermediate,telegraph.co.uk,Pending
6617c4e996fb1df60617a5dc,6617c305fc13ae2ab5ab8aab,367,MongoDB,Advanced,nydailynews.com,Approved
6617c4ea96fb1df60617a5dd,6617c305fc13ae2ab5ab8aac,41,Python,Beginner,friendfeed.com,Approved
6617c4ea96fb1df60617a5de,6617c305fc13ae2ab5ab8aad,93,JavaScript,Beginner,virginia.edu,Pending
6617c4ea96fb1df60617a5df,6617c305fc13ae2ab5ab8aae,93,Snowflake,Intermediate,twitter.com,Approved
6617c4ea96fb1df60617a5e0,6617c305fc13ae2ab5ab8aaf,199,PowerBi,Intermediate,army.mil,Pending
6617c4ea96fb1df60617a5e1,6617c305fc13ae2ab5ab8ab0,62,Node,Intermediate,telegraph.co.uk,Approved
6617c4ea96fb1df60617a5e2,6617c305fc13ae2ab5ab8ab1,315,MongoDB,Beginner,boston.com,Approved
6617c4ea96fb1df60617a5e3,6617c305fc13ae2ab5ab8ab2,172,Next JS,Advanced,geocities.com,Pending
6617c4ea96fb1df60617a5e4,6617c305fc13ae2ab5ab8ab3,342,AWS,Intermediate,dell.com,Approved
6617c4ea96fb1df60617a5e5,6617c305fc13ae2ab5ab8ab4,164,JavaScript,Advanced,,Pending
6617c4ea96fb1df60617a5e6,6617c305fc13ae2ab5ab8ab5,436,CSS,Beginner,imageshack.us,Approved
6617c4ea96fb1df60617a5e7,6617c305fc13ae2ab5ab8ab6,378,SQL,Intermediate,ibm.com,Pending
6617c4ea96fb1df60617a5e8,6617c305fc13ae2ab5ab8ab7,191,Java,Advanced,time.com,Pending
6617c4ea96fb1df60617a5e9,6617c305fc13ae2ab5ab8ab8,332,Java,Advanced,woothemes.com,Pending
6617c4ea96fb1df60617a5ea,6617c305fc13ae2ab5ab8ab9,433,MongoDB,Intermediate,irs.gov,Approved
6617c4ea96fb1df60617a5eb,6617c305fc13ae2ab5ab8aba,213,Python,Intermediate,,Pending
6617c4ea96fb1df60617a5ec,6617c305fc13ae2ab5ab8abb,422,C,Intermediate,,Approved
6617c4ea96fb1df60617a5ed,6617c305fc13ae2ab5ab8abc,302,SQL,Beginner,,Approved
6617c4ea96fb1df60617a5ee,6617c305fc13ae2ab5ab8abd,372,C++,Beginner,,Approved
6617c4ea96fb1df60617a5ef,6617c305fc13ae2ab5ab8abe,420,SQL,Intermediate,storify.com,Approved
6617c4ea96fb1df60617a5f0,6617c305fc13ae2ab5ab8abf,159,HTML,Beginner,,Approved
6617c4ea96fb1df60617a5f1,6617c305fc13ae2ab5ab8ac0,37,HTML,Advanced,whitehouse.gov,Approved
6617c4ea96fb1df60617a5f2,6617c305fc13ae2ab5ab8ac1,413,PHP,Advanced,,Approved
6617c4ea96fb1df60617a5f3,6617c305fc13ae2ab5ab8ac2,30,SQL,Advanced,pen.io,Approved
6617c4ea96fb1df60617a5f4,6617c305fc13ae2ab5ab8ac3,447,Snowflake,Advanced,huffingtonpost.com,Pending
6617c4ea96fb1df60617a5f5,6617c305fc13ae2ab5ab8ac4,313,Next JS,Beginner,amazon.de,Pending
6617c4ea96fb1df60617a5f6,6617c305fc13ae2ab5ab8ac5,122,MongoDB,Beginner,google.ru,Pending
6617c4ea96fb1df60617a5f7,6617c305fc13ae2ab5ab8ac6,186,PowerBi,Intermediate,,Pending
6617c4ea96fb1df60617a5f8,6617c305fc13ae2ab5ab8ac7,70,C++,Advanced,feedburner.com,Pending
6617c4ea96fb1df60617a5f9,6617c305fc13ae2ab5ab8ac8,78,Snowflake,Advanced,free.fr,Approved
6617c4ea96fb1df60617a5fa,6617c305fc13ae2ab5ab8ac9,81,SQL,Intermediate,tamu.edu,Approved
6617c4ea96fb1df60617a5fb,6617c305fc13ae2ab5ab8aca,295,Next JS,Advanced,,Approved
6617c4ea96fb1df60617a5fc,6617c305fc13ae2ab5ab8acb,21,React,Advanced,sina.com.cn,Pending
6617c4eb96fb1df60617a5fd,6617c305fc13ae2ab5ab8acc,445,PHP,Intermediate,umn.edu,Approved
6617c4eb96fb1df60617a5fe,6617c305fc13ae2ab5ab8acd,76,Node,Beginner,home.pl,Approved
6617c4eb96fb1df60617a5ff,6617c305fc13ae2ab5ab8ace,473,PowerBi,Intermediate,gov.uk,Approved
6617c4eb96fb1df60617a600,6617c305fc13ae2ab5ab8acf,142,C,Intermediate,deliciousdays.com,Pending
6617c4eb96fb1df60617a601,6617c305fc13ae2ab5ab8ad0,325,Java,Advanced,youtube.com,Pending
6617c4eb96fb1df60617a602,6617c305fc13ae2ab5ab8ad1,235,PHP,Beginner,exblog.jp,Pending
6617c4eb96fb1df60617a603,6617c305fc13ae2ab5ab8ad2,188,MongoDB,Advanced,sohu.com,Approved
6617c4eb96fb1df60617a604,6617c305fc13ae2ab5ab8ad3,419,C,Intermediate,spiegel.de,Approved
6617c4eb96fb1df60617a605,6617c305fc13ae2ab5ab8ad4,361,AWS,Advanced,,Approved
6617c4eb96fb1df60617a606,6617c305fc13ae2ab5ab8ad5,24,MongoDB,Beginner,,Approved
6617c4eb96fb1df60617a607,6617c305fc13ae2ab5ab8ad6,189,PHP,Intermediate,,Approved
6617c4eb96fb1df60617a608,6617c305fc13ae2ab5ab8ad7,163,C,Intermediate,mashable.com,Pending
6617c4eb96fb1df60617a609,6617c305fc13ae2ab5ab8ad8,457,MongoDB,Advanced,,Approved
6617c4eb96fb1df60617a60a,6617c305fc13ae2ab5ab8ad9,466,C++,Beginner,,Pending
6617c4eb96fb1df60617a60b,6617c305fc13ae2ab5ab8ada,133,CSS,Beginner,ezinearticles.com,Approved
6617c4eb96fb1df60617a60c,6617c305fc13ae2ab5ab8adb,304,JavaScript,Advanced,moonfruit.com,Approved
6617c4eb96fb1df60617a60d,6617c305fc13ae2ab5ab8adc,464,MongoDB,Intermediate,netscape.com,Approved
6617c4eb96fb1df60617a60e,6617c305fc13ae2ab5ab8add,349,Express,Intermediate,state.tx.us,Pending
6617c4eb96fb1df60617a60f,6617c305fc13ae2ab5ab8ade,160,C++,Beginner,dion.ne.jp,Approved
6617c4eb96fb1df60617a610,6617c305fc13ae2ab5ab8adf,286,C,Advanced,skype.com,Approved
6617c4eb96fb1df60617a611,6617c305fc13ae2ab5ab8ae0,327,C,Beginner,,Approved
6617c4eb96fb1df60617a612,6617c305fc13ae2ab5ab8ae1,197,C++,Intermediate,nytimes.com,Approved
6617c4eb96fb1df60617a613,6617c305fc13ae2ab5ab8ae2,287,Node,Intermediate,multiply.com,Approved
6617c4eb96fb1df60617a614,6617c305fc13ae2ab5ab8ae3,174,SQL,Beginner,chronoengine.com,Approved
6617c4eb96fb1df60617a615,6617c305fc13ae2ab5ab8ae4,300,CSS,Advanced,t-online.de,Approved
6617c4eb96fb1df60617a616,6617c305fc13ae2ab5ab8ae5,364,Node,Advanced,,Pending
6617c4eb96fb1df60617a617,6617c305fc13ae2ab5ab8ae6,183,Next JS,Advanced,,Approved
6617c4eb96fb1df60617a618,6617c305fc13ae2ab5ab8ae7,81,Python,Beginner,,Approved
6617c4eb96fb1df60617a619,6617c305fc13ae2ab5ab8ae8,94,JavaScript,Intermediate,list-manage.com,Pending
6617c4eb96fb1df60617a61a,6617c305fc13ae2ab5ab8ae9,299,Next JS,Advanced,,Approved
6617c4eb96fb1df60617a61b,6617c305fc13ae2ab5ab8aea,408,JavaScript,Beginner,scientificamerican.com,Pending
6617c4eb96fb1df60617a61c,6617c305fc13ae2ab5ab8aeb,34,C,Beginner,icq.com,Approved
6617c4eb96fb1df60617a61d,6617c305fc13ae2ab5ab8aec,218,PowerBi,Beginner,,Pending
6617c4ec96fb1df60617a61e,6617c305fc13ae2ab5ab8aed,349,React,Advanced,prnewswire.com,Approved
6617c4ec96fb1df60617a61f,6617c305fc13ae2ab5ab8aee,41,AWS,Advanced,pinterest.com,Approved
6617c4ec96fb1df60617a620,6617c305fc13ae2ab5ab8aef,182,PHP,Intermediate,,Approved
6617c4ec96fb1df60617a621,6617c305fc13ae2ab5ab8af0,439,JavaScript,Advanced,businessweek.com,Approved
6617c4ec96fb1df60617a622,6617c305fc13ae2ab5ab8af1,20,MongoDB,Intermediate,cmu.edu,Approved
6617c4ec96fb1df60617a623,6617c305fc13ae2ab5ab8af2,298,Python,Advanced,taobao.com,Approved
6617c4ec96fb1df60617a624,6617c305fc13ae2ab5ab8af3,60,React,Beginner,,Approved
6617c4ec96fb1df60617a625,6617c305fc13ae2ab5ab8af4,10,React,Intermediate,un.org,Approved
6617c4ec96fb1df60617a626,6617c305fc13ae2ab5ab8af5,38,Express,Intermediate,dmoz.org,Approved
6617c4ec96fb1df60617a627,6617c305fc13ae2ab5ab8af6,322,DBT,Intermediate,bloglovin.com,Approved
6617c4ec96fb1df60617a628,6617c305fc13ae2ab5ab8af7,477,DBT,Advanced,gov.uk,Approved
6617c4ec96fb1df60617a629,6617c305fc13ae2ab5ab8af8,100,Java,Advanced,squarespace.com,Pending
6617c4ec96fb1df60617a62a,6617c305fc13ae2ab5ab8af9,155,Java,Intermediate,,Approved
6617c4ec96fb1df60617a62b,6617c305fc13ae2ab5ab8afa,39,CSS,Advanced,com.com,Pending
6617c4ec96fb1df60617a62c,6617c305fc13ae2ab5ab8afb,40,C++,Intermediate,,Pending
6617c4ec96fb1df60617a62d,6617c305fc13ae2ab5ab8afc,48,Snowflake,Intermediate,flickr.com,Approved
6617c4ec96fb1df60617a62e,6617c305fc13ae2ab5ab8afd,481,HTML,Beginner,deviantart.com,Pending
6617c4ec96fb1df60617a62f,6617c305fc13ae2ab5ab8afe,315,AWS,Intermediate,bbc.co.uk,Pending
6617c4ec96fb1df60617a630,6617c305fc13ae2ab5ab8aff,130,AWS,Beginner,sitemeter.com,Pending
6617c4ec96fb1df60617a631,6617c305fc13ae2ab5ab8b00,67,Snowflake,Beginner,dailymail.co.uk,Approved
6617c4ec96fb1df60617a632,6617c305fc13ae2ab5ab8b01,421,DBT,Beginner,hubpages.com,Approved
6617c4ec96fb1df60617a633,6617c305fc13ae2ab5ab8b02,22,Express,Intermediate,,Approved
6617c4ec96fb1df60617a634,6617c305fc13ae2ab5ab8b03,364,ADF,Beginner,seattletimes.com,Approved
6617c4ec96fb1df60617a635,6617c305fc13ae2ab5ab8b04,422,Express,Intermediate,hostgator.com,Pending
6617c4ec96fb1df60617a636,6617c305fc13ae2ab5ab8b05,170,PowerBi,Beginner,yandex.ru,Pending
6617c4ec96fb1df60617a637,6617c305fc13ae2ab5ab8b06,103,JavaScript,Intermediate,tamu.edu,Approved
6617c4ec96fb1df60617a638,6617c305fc13ae2ab5ab8b07,358,Next JS,Intermediate,,Approved
6617c4ec96fb1df60617a639,6617c305fc13ae2ab5ab8b08,245,C,Intermediate,wisc.edu,Approved
6617c4ec96fb1df60617a63a,6617c305fc13ae2ab5ab8b09,297,Python,Intermediate,moonfruit.com,Pending
6617c4ec96fb1df60617a63b,6617c305fc13ae2ab5ab8b0a,437,DBT,Intermediate,goo.ne.jp,Pending
6617c4ec96fb1df60617a63c,6617c305fc13ae2ab5ab8b0b,57,Next JS,Beginner,,Approved
6617c4ec96fb1df60617a63d,6617c305fc13ae2ab5ab8b0c,329,CSS,Beginner,patch.com,Approved
6617c4ec96fb1df60617a63e,6617c305fc13ae2ab5ab8b0d,12,ADF,Intermediate,,Approved
6617c4ec96fb1df60617a63f,6617c305fc13ae2ab5ab8b0e,322,Snowflake,Advanced,purevolume.com,Approved
6617c4ed96fb1df60617a640,6617c305fc13ae2ab5ab8b0f,200,MongoDB,Advanced,csmonitor.com,Approved
6617c4ed96fb1df60617a641,6617c305fc13ae2ab5ab8b10,9,Python,Intermediate,altervista.org,Approved
6617c4ed96fb1df60617a642,6617c305fc13ae2ab5ab8b11,333,Snowflake,Beginner,godaddy.com,Pending
6617c4ed96fb1df60617a643,6617c305fc13ae2ab5ab8b12,304,Next JS,Beginner,g.co,Approved
6617c4ed96fb1df60617a644,6617c305fc13ae2ab5ab8b13,69,React,Beginner,tinypic.com,Approved
6617c4ed96fb1df60617a645,6617c305fc13ae2ab5ab8b14,113,PowerBi,Advanced,,Approved
6617c4ed96fb1df60617a646,6617c305fc13ae2ab5ab8b15,313,CSS,Intermediate,examiner.com,Approved
6617c4ed96fb1df60617a647,6617c305fc13ae2ab5ab8b16,225,C++,Advanced,,Pending
6617c4ed96fb1df60617a648,6617c305fc13ae2ab5ab8b17,71,MongoDB,Beginner,de.vu,Pending
6617c4ed96fb1df60617a649,6617c305fc13ae2ab5ab8b18,426,C++,Intermediate,,Approved
6617c4ed96fb1df60617a64a,6617c305fc13ae2ab5ab8b19,74,Express,Beginner,parallels.com,Approved
6617c4ed96fb1df60617a64b,6617c305fc13ae2ab5ab8b1a,351,DBT,Intermediate,,Approved
6617c4ed96fb1df60617a64c,6617c305fc13ae2ab5ab8b1b,450,PowerBi,Intermediate,,Approved
6617c4ed96fb1df60617a64d,6617c305fc13ae2ab5ab8b1c,360,Next JS,Beginner,drupal.org,Pending
6617c4ed96fb1df60617a64e,6617c305fc13ae2ab5ab8b1d,433,AWS,Beginner,,Pending
6617c4ed96fb1df60617a64f,6617c305fc13ae2ab5ab8b1e,220,PHP,Advanced,,Approved
6617c4ed96fb1df60617a650,6617c305fc13ae2ab5ab8b1f,462,C,Beginner,flavors.me,Pending
6617c4ed96fb1df60617a651,6617c305fc13ae2ab5ab8b20,430,AWS,Beginner,scientificamerican.com,Approved
6617c4ed96fb1df60617a652,6617c305fc13ae2ab5ab8b21,78,HTML,Advanced,,Approved
6617c4ed96fb1df60617a653,6617c305fc13ae2ab5ab8b22,110,MongoDB,Advanced,,Approved
6617c4ed96fb1df60617a654,6617c305fc13ae2ab5ab8b23,101,ADF,Beginner,51.la,Approved
6617c4ed96fb1df60617a655,6617c305fc13ae2ab5ab8b24,155,Snowflake,Intermediate,vinaora.com,Approved
6617c4ed96fb1df60617a656,6617c305fc13ae2ab5ab8b25,71,PHP,Advanced,,Approved
6617c4ed96fb1df60617a657,6617c305fc13ae2ab5ab8b26,418,PHP,Beginner,noaa.gov,Pending
6617c4ed96fb1df60617a658,6617c305fc13ae2ab5ab8b27,138,Snowflake,Intermediate,ftc.gov,Approved
6617c4ed96fb1df60617a659,6617c305fc13ae2ab5ab8b28,169,Snowflake,Advanced,,Approved
6617c4ed96fb1df60617a65a,6617c305fc13ae2ab5ab8b29,92,Express,Advanced,fda.gov,Pending
6617c4ed96fb1df60617a65b,6617c305fc13ae2ab5ab8b2a,233,CSS,Intermediate,bbc.co.uk,Pending
6617c4ed96fb1df60617a65c,6617c305fc13ae2ab5ab8b2b,5,Python,Beginner,drupal.org,Pending
6617c4ed96fb1df60617a65d,6617c305fc13ae2ab5ab8b2c,432,Snowflake,Beginner,,Approved
6617c4ed96fb1df60617a65e,6617c305fc13ae2ab5ab8b2d,100,PHP,Intermediate,,Approved
6617c4ed96fb1df60617a65f,6617c305fc13ae2ab5ab8b2e,293,React,Beginner,archive.org,Approved
6617c4ed96fb1df60617a660,6617c305fc13ae2ab5ab8b2f,238,JavaScript,Beginner,symantec.com,Pending
6617c4ee96fb1df60617a661,6617c305fc13ae2ab5ab8b30,182,Python,Beginner,reference.com,Pending
6617c4ee96fb1df60617a662,6617c305fc13ae2ab5ab8b31,407,Python,Advanced,freewebs.com,Approved
6617c4ee96fb1df60617a663,6617c305fc13ae2ab5ab8b32,298,ADF,Advanced,rediff.com,Approved
6617c4ee96fb1df60617a664,6617c305fc13ae2ab5ab8b33,444,Python,Advanced,dagondesign.com,Approved
6617c4ee96fb1df60617a665,6617c305fc13ae2ab5ab8b34,438,HTML,Beginner,,Pending
6617c4ee96fb1df60617a666,6617c305fc13ae2ab5ab8b35,81,PHP,Intermediate,,Approved
6617c4ee96fb1df60617a667,6617c305fc13ae2ab5ab8b36,323,Next JS,Intermediate,,Approved
6617c4ee96fb1df60617a668,6617c305fc13ae2ab5ab8b37,245,Snowflake,Intermediate,biblegateway.com,Approved
6617c4ee96fb1df60617a669,6617c305fc13ae2ab5ab8b38,224,PHP,Intermediate,phoca.cz,Approved
6617c4ee96fb1df60617a66a,6617c305fc13ae2ab5ab8b39,62,SQL,Advanced,vkontakte.ru,Approved
6617c4ee96fb1df60617a66b,6617c305fc13ae2ab5ab8b3a,132,Next JS,Intermediate,,Pending
6617c4ee96fb1df60617a66c,6617c305fc13ae2ab5ab8b3b,191,SQL,Intermediate,sourceforge.net,Approved
6617c4ee96fb1df60617a66d,6617c305fc13ae2ab5ab8b3c,483,DBT,Advanced,nytimes.com,Approved
6617c4ee96fb1df60617a66e,6617c305fc13ae2ab5ab8b3d,183,CSS,Intermediate,instagram.com,Approved
6617c4ee96fb1df60617a66f,6617c305fc13ae2ab5ab8b3e,79,SQL,Advanced,scribd.com,Approved
6617c4ee96fb1df60617a670,6617c305fc13ae2ab5ab8b3f,328,CSS,Beginner,,Approved
6617c4ee96fb1df60617a671,6617c305fc13ae2ab5ab8b40,21,C++,Advanced,youku.com,Approved
6617c4ee96fb1df60617a672,6617c305fc13ae2ab5ab8b41,383,CSS,Intermediate,ovh.net,Approved
6617c4ee96fb1df60617a673,6617c305fc13ae2ab5ab8b42,469,C++,Intermediate,tinyurl.com,Approved
6617c4ee96fb1df60617a674,6617c305fc13ae2ab5ab8b43,23,PHP,Beginner,springer.com,Pending
6617c4ee96fb1df60617a675,6617c305fc13ae2ab5ab8b44,414,MongoDB,Intermediate,blogtalkradio.com,Pending
6617c4ee96fb1df60617a676,6617c305fc13ae2ab5ab8b45,240,PHP,Advanced,163.com,Approved
6617c4ee96fb1df60617a677,6617c305fc13ae2ab5ab8b46,68,DBT,Intermediate,symantec.com,Pending
6617c4ee96fb1df60617a678,6617c305fc13ae2ab5ab8b47,145,Python,Intermediate,,Approved
6617c4ee96fb1df60617a679,6617c305fc13ae2ab5ab8b48,3,C,Intermediate,,Approved
6617c4ee96fb1df60617a67a,6617c305fc13ae2ab5ab8b49,232,Express,Intermediate,eventbrite.com,Pending
6617c4ee96fb1df60617a67b,6617c305fc13ae2ab5ab8b4a,90,Express,Beginner,delicious.com,Approved
6617c4ee96fb1df60617a67c,6617c305fc13ae2ab5ab8b4b,212,Snowflake,Intermediate,elpais.com,Pending
6617c4ee96fb1df60617a67d,6617c305fc13ae2ab5ab8b4c,175,Express,Beginner,,Pending
6617c4ee96fb1df60617a67e,6617c305fc13ae2ab5ab8b4d,171,Express,Beginner,oaic.gov.au,Pending
6617c4ee96fb1df60617a67f,6617c305fc13ae2ab5ab8b4e,427,Java,Beginner,,Pending
6617c4ee96fb1df60617a680,6617c305fc13ae2ab5ab8b4f,215,PHP,Beginner,pen.io,Approved
6617c4ef96fb1df60617a681,6617c305fc13ae2ab5ab8b50,354,Next JS,Intermediate,netlog.com,Approved
6617c4ef96fb1df60617a682,6617c305fc13ae2ab5ab8b51,3,PHP,Intermediate,,Approved
6617c4ef96fb1df60617a683,6617c305fc13ae2ab5ab8b52,182,PHP,Advanced,,Approved
6617c4ef96fb1df60617a684,6617c305fc13ae2ab5ab8b53,42,ADF,Advanced,joomla.org,Pending
6617c4ef96fb1df60617a685,6617c305fc13ae2ab5ab8b54,425,Express,Advanced,,Approved
6617c4ef96fb1df60617a686,6617c305fc13ae2ab5ab8b55,413,C,Beginner,,Approved
6617c4ef96fb1df60617a687,6617c305fc13ae2ab5ab8b56,366,ADF,Intermediate,huffingtonpost.com,Approved
6617c4ef96fb1df60617a688,6617c305fc13ae2ab5ab8b57,244,C,Advanced,nytimes.com,Approved
6617c4ef96fb1df60617a689,6617c305fc13ae2ab5ab8b58,58,React,Beginner,harvard.edu,Approved
6617c4ef96fb1df60617a68a,6617c305fc13ae2ab5ab8b59,205,JavaScript,Intermediate,whitehouse.gov,Approved
6617c4ef96fb1df60617a68b,6617c305fc13ae2ab5ab8b5a,164,HTML,Intermediate,oakley.com,Approved
6617c4ef96fb1df60617a68c,6617c305fc13ae2ab5ab8b5b,34,Next JS,Beginner,ed.gov,Pending
6617c4ef96fb1df60617a68d,6617c305fc13ae2ab5ab8b5c,154,PowerBi,Advanced,alexa.com,Pending
6617c4ef96fb1df60617a68e,6617c305fc13ae2ab5ab8b5d,328,Python,Advanced,cdc.gov,Approved
6617c4ef96fb1df60617a68f,6617c305fc13ae2ab5ab8b5e,205,PowerBi,Advanced,blogtalkradio.com,Approved
6617c4ef96fb1df60617a690,6617c305fc13ae2ab5ab8b5f,297,Python,Advanced,globo.com,Approved
6617c4ef96fb1df60617a691,6617c305fc13ae2ab5ab8b60,96,Node,Beginner,,Pending
6617c4ef96fb1df60617a692,6617c305fc13ae2ab5ab8b61,185,MongoDB,Intermediate,weibo.com,Pending
6617c4ef96fb1df60617a693,6617c305fc13ae2ab5ab8b62,382,Java,Beginner,blogger.com,Approved
6617c4ef96fb1df60617a694,6617c305fc13ae2ab5ab8b63,87,PowerBi,Beginner,java.com,Approved
6617c4ef96fb1df60617a695,6617c305fc13ae2ab5ab8b64,157,React,Beginner,,Approved
6617c4ef96fb1df60617a696,6617c305fc13ae2ab5ab8b65,39,Python,Beginner,instagram.com,Approved
6617c4ef96fb1df60617a697,6617c305fc13ae2ab5ab8b66,133,PowerBi,Intermediate,msu.edu,Pending
6617c4ef96fb1df60617a698,6617c305fc13ae2ab5ab8b67,295,PowerBi,Intermediate,lycos.com,Approved
6617c4ef96fb1df60617a699,6617c305fc13ae2ab5ab8b68,427,Snowflake,Intermediate,,Pending
6617c4ef96fb1df60617a69a,6617c305fc13ae2ab5ab8b69,9,React,Beginner,t-online.de,Approved
6617c4ef96fb1df60617a69b,6617c305fc13ae2ab5ab8b6a,419,React,Advanced,walmart.com,Approved
6617c4ef96fb1df60617a69c,6617c305fc13ae2ab5ab8b6b,74,Snowflake,Advanced,artisteer.com,Approved
6617c4ef96fb1df60617a69d,6617c305fc13ae2ab5ab8b6c,372,DBT,Advanced,multiply.com,Approved
6617c4ef96fb1df60617a69e,6617c305fc13ae2ab5ab8b6d,433,Express,Beginner,vimeo.com,Approved
6617c4ef96fb1df60617a69f,6617c305fc13ae2ab5ab8b6e,480,PowerBi,Intermediate,gmpg.org,Pending
6617c4ef96fb1df60617a6a0,6617c305fc13ae2ab5ab8b6f,381,C++,Intermediate,,Approved
6617c4f096fb1df60617a6a1,6617c305fc13ae2ab5ab8b70,59,DBT,Advanced,,Approved
6617c4f096fb1df60617a6a2,6617c305fc13ae2ab5ab8b71,250,PowerBi,Beginner,,Pending
6617c4f096fb1df60617a6a3,6617c305fc13ae2ab5ab8b72,180,React,Advanced,,Approved
6617c4f096fb1df60617a6a4,6617c305fc13ae2ab5ab8b73,290,CSS,Beginner,sogou.com,Approved
6617c4f096fb1df60617a6a5,6617c305fc13ae2ab5ab8b74,203,CSS,Intermediate,elpais.com,Approved
6617c4f096fb1df60617a6a6,6617c305fc13ae2ab5ab8b75,313,HTML,Beginner,,Approved
6617c4f096fb1df60617a6a7,6617c305fc13ae2ab5ab8b76,448,Express,Beginner,,Pending
6617c4f096fb1df60617a6a8,6617c305fc13ae2ab5ab8b77,304,React,Advanced,storify.com,Approved
6617c4f096fb1df60617a6a9,6617c305fc13ae2ab5ab8b78,105,Node,Intermediate,t-online.de,Approved
6617c4f096fb1df60617a6aa,6617c305fc13ae2ab5ab8b79,22,C++,Advanced,,Approved
6617c4f096fb1df60617a6ab,6617c305fc13ae2ab5ab8b7a,378,PowerBi,Beginner,squarespace.com,Pending
6617c4f096fb1df60617a6ac,6617c305fc13ae2ab5ab8b7b,136,Java,Beginner,reverbnation.com,Pending
6617c4f096fb1df60617a6ad,6617c305fc13ae2ab5ab8b7c,70,C,Advanced,taobao.com,Approved
6617c4f096fb1df60617a6ae,6617c305fc13ae2ab5ab8b7d,319,Python,Beginner,admin.ch,Approved
6617c4f096fb1df60617a6af,6617c305fc13ae2ab5ab8b7e,109,CSS,Beginner,,Pending
6617c4f096fb1df60617a6b0,6617c305fc13ae2ab5ab8b7f,347,Snowflake,Advanced,cmu.edu,Approved
6617c4f096fb1df60617a6b1,6617c305fc13ae2ab5ab8b80,330,React,Intermediate,,Pending
6617c4f096fb1df60617a6b2,6617c305fc13ae2ab5ab8b81,22,Express,Beginner,bloglovin.com,Approved
6617c4f096fb1df60617a6b3,6617c305fc13ae2ab5ab8b82,440,ADF,Advanced,,Pending
6617c4f096fb1df60617a6b4,6617c305fc13ae2ab5ab8b83,239,Express,Intermediate,,Approved
6617c4f096fb1df60617a6b5,6617c305fc13ae2ab5ab8b84,490,PowerBi,Advanced,google.fr,Pending
6617c4f096fb1df60617a6b6,6617c305fc13ae2ab5ab8b85,471,AWS,Advanced,va.gov,Approved
6617c4f096fb1df60617a6b7,6617c305fc13ae2ab5ab8b86,12,React,Intermediate,,Approved
6617c4f096fb1df60617a6b8,6617c305fc13ae2ab5ab8b87,77,SQL,Intermediate,last.fm,Pending
6617c4f096fb1df60617a6b9,6617c305fc13ae2ab5ab8b88,34,SQL,Intermediate,,Pending
6617c4f096fb1df60617a6ba,6617c305fc13ae2ab5ab8b89,431,AWS,Beginner,tuttocitta.it,Approved
6617c4f096fb1df60617a6bb,6617c305fc13ae2ab5ab8b8a,286,DBT,Intermediate,youku.com,Approved
6617c4f096fb1df60617a6bc,6617c305fc13ae2ab5ab8b8b,93,HTML,Intermediate,goodreads.com,Approved
6617c4f096fb1df60617a6bd,6617c305fc13ae2ab5ab8b8c,304,SQL,Advanced,,Pending
6617c4f096fb1df60617a6be,6617c305fc13ae2ab5ab8b8d,60,C++,Intermediate,purevolume.com,Pending
6617c4f096fb1df60617a6bf,6617c305fc13ae2ab5ab8b8e,382,React,Beginner,,Approved
6617c4f096fb1df60617a6c0,6617c305fc13ae2ab5ab8b8f,443,PHP,Intermediate,acquirethisname.com,Pending
6617c4f196fb1df60617a6c1,6617c305fc13ae2ab5ab8b90,425,Node,Intermediate,,Approved
6617c4f196fb1df60617a6c2,6617c305fc13ae2ab5ab8b91,482,Python,Beginner,washington.edu,Pending
6617c4f196fb1df60617a6c3,6617c305fc13ae2ab5ab8b92,172,PHP,Intermediate,,Approved
6617c4f196fb1df60617a6c4,6617c305fc13ae2ab5ab8b93,86,Express,Intermediate,ca.gov,Pending
6617c4f196fb1df60617a6c5,6617c305fc13ae2ab5ab8b94,219,C,Intermediate,unicef.org,Approved
6617c4f196fb1df60617a6c6,6617c305fc13ae2ab5ab8b95,217,MongoDB,Advanced,ucoz.com,Pending
6617c4f196fb1df60617a6c7,6617c305fc13ae2ab5ab8b96,484,AWS,Advanced,,Approved
6617c4f196fb1df60617a6c8,6617c305fc13ae2ab5ab8b97,222,DBT,Advanced,si.edu,Approved
6617c4f196fb1df60617a6c9,6617c305fc13ae2ab5ab8b98,383,PHP,Intermediate,mac.com,Approved
6617c4f196fb1df60617a6ca,6617c305fc13ae2ab5ab8b99,132,AWS,Beginner,,Approved
6617c4f196fb1df60617a6cb,6617c305fc13ae2ab5ab8b9a,78,C,Beginner,uiuc.edu,Pending
6617c4f196fb1df60617a6cc,6617c305fc13ae2ab5ab8b9b,411,Express,Intermediate,state.tx.us,Pending
6617c4f196fb1df60617a6cd,6617c305fc13ae2ab5ab8b9c,131,SQL,Intermediate,nasa.gov,Pending
6617c4f196fb1df60617a6ce,6617c305fc13ae2ab5ab8b9d,164,React,Intermediate,wikipedia.org,Approved
6617c4f196fb1df60617a6cf,6617c305fc13ae2ab5ab8b9e,321,JavaScript,Intermediate,msn.com,Pending
6617c4f196fb1df60617a6d0,6617c305fc13ae2ab5ab8b9f,226,Snowflake,Intermediate,webnode.com,Pending
6617c4f196fb1df60617a6d1,6617c305fc13ae2ab5ab8ba0,356,Node,Advanced,,Approved
6617c4f196fb1df60617a6d2,6617c305fc13ae2ab5ab8ba1,49,AWS,Intermediate,,Approved
6617c4f196fb1df60617a6d3,6617c305fc13ae2ab5ab8ba2,306,DBT,Advanced,,Approved
6617c4f196fb1df60617a6d4,6617c305fc13ae2ab5ab8ba3,222,Java,Intermediate,soup.io,Approved
6617c4f196fb1df60617a6d5,6617c305fc13ae2ab5ab8ba4,23,Java,Advanced,narod.ru,Approved
6617c4f196fb1df60617a6d6,6617c305fc13ae2ab5ab8ba5,205,PowerBi,Beginner,skyrock.com,Pending
6617c4f196fb1df60617a6d7,6617c305fc13ae2ab5ab8ba6,316,PowerBi,Beginner,shinystat.com,Approved
6617c4f196fb1df60617a6d8,6617c305fc13ae2ab5ab8ba7,155,React,Advanced,vimeo.com,Approved
6617c4f196fb1df60617a6d9,6617c305fc13ae2ab5ab8ba8,33,Snowflake,Advanced,amazonaws.com,Approved
6617c4f196fb1df60617a6da,6617c305fc13ae2ab5ab8ba9,354,JavaScript,Advanced,,Approved
6617c4f196fb1df60617a6db,6617c305fc13ae2ab5ab8baa,35,MongoDB,Intermediate,desdev.cn,Pending
6617c4f196fb1df60617a6dc,6617c305fc13ae2ab5ab8bab,419,PHP,Advanced,,Approved
6617c4f196fb1df60617a6dd,6617c305fc13ae2ab5ab8bac,19,MongoDB,Intermediate,,Approved
6617c4f196fb1df60617a6de,6617c305fc13ae2ab5ab8bad,235,SQL,Beginner,imageshack.us,Approved
6617c4f196fb1df60617a6df,6617c305fc13ae2ab5ab8bae,69,PowerBi,Advanced,myspace.com,Approved
6617c4f196fb1df60617a6e0,6617c305fc13ae2ab5ab8baf,305,React,Beginner,,Approved
6617c4f196fb1df60617a6e1,6617c305fc13ae2ab5ab8bb0,164,JavaScript,Advanced,reddit.com,Pending
6617c4f296fb1df60617a6e2,6617c305fc13ae2ab5ab8bb1,231,PowerBi,Beginner,live.com,Approved
6617c4f296fb1df60617a6e3,6617c305fc13ae2ab5ab8bb2,420,ADF,Beginner,pagesperso-orange.fr,Approved
6617c4f296fb1df60617a6e4,6617c305fc13ae2ab5ab8bb3,423,DBT,Advanced,storify.com,Approved
6617c4f296fb1df60617a6e5,6617c305fc13ae2ab5ab8bb4,60,C++,Beginner,google.it,Approved
6617c4f296fb1df60617a6e6,6617c305fc13ae2ab5ab8bb5,328,JavaScript,Intermediate,,Pending
6617c4f296fb1df60617a6e7,6617c305fc13ae2ab5ab8bb6,136,Next JS,Advanced,vk.com,Approved
6617c4f296fb1df60617a6e8,6617c305fc13ae2ab5ab8bb7,176,Snowflake,Advanced,ca.gov,Approved
6617c4f296fb1df60617a6e9,6617c305fc13ae2ab5ab8bb8,418,SQL,Intermediate,ox.ac.uk,Pending
6617c4f296fb1df60617a6ea,6617c305fc13ae2ab5ab8bb9,345,JavaScript,Beginner,cdbaby.com,Approved
6617c4f296fb1df60617a6eb,6617c305fc13ae2ab5ab8bba,12,Next JS,Advanced,gizmodo.com,Pending
6617c4f296fb1df60617a6ec,6617c305fc13ae2ab5ab8bbb,179,PHP,Beginner,,Approved
6617c4f296fb1df60617a6ed,6617c305fc13ae2ab5ab8bbc,134,MongoDB,Advanced,naver.com,Pending
6617c4f296fb1df60617a6ee,6617c305fc13ae2ab5ab8bbd,107,React,Advanced,,Pending
6617c4f296fb1df60617a6ef,6617c305fc13ae2ab5ab8bbe,428,Node,Advanced,hatena.ne.jp,Pending
6617c4f296fb1df60617a6f0,6617c305fc13ae2ab5ab8bbf,361,Java,Intermediate,dell.com,Approved
6617c4f296fb1df60617a6f1,6617c305fc13ae2ab5ab8bc0,371,DBT,Beginner,,Approved
6617c4f296fb1df60617a6f2,6617c305fc13ae2ab5ab8bc1,58,PowerBi,Intermediate,stumbleupon.com,Approved
6617c4f296fb1df60617a6f3,6617c305fc13ae2ab5ab8bc2,435,PowerBi,Advanced,google.it,Approved
6617c4f296fb1df60617a6f4,6617c305fc13ae2ab5ab8bc3,426,HTML,Beginner,squidoo.com,Approved
6617c4f296fb1df60617a6f5,6617c305fc13ae2ab5ab8bc4,33,Node,Advanced,hao123.com,Approved
6617c4f296fb1df60617a6f6,6617c305fc13ae2ab5ab8bc5,294,AWS,Advanced,,Approved
6617c4f296fb1df60617a6f7,6617c305fc13ae2ab5ab8bc6,186,C++,Beginner,cocolog-nifty.com,Approved
6617c4f296fb1df60617a6f8,6617c305fc13ae2ab5ab8bc7,336,MongoDB,Intermediate,,Approved
6617c4f296fb1df60617a6f9,6617c305fc13ae2ab5ab8bc8,449,C++,Beginner,e-recht24.de,Approved
6617c4f296fb1df60617a6fa,6617c305fc13ae2ab5ab8bc9,440,MongoDB,Intermediate,bizjournals.com,Approved
6617c4f296fb1df60617a6fb,6617c305fc13ae2ab5ab8bca,96,Node,Beginner,blog.com,Pending
6617c4f296fb1df60617a6fc,6617c305fc13ae2ab5ab8bcb,332,PowerBi,Advanced,comsenz.com,Approved
6617c4f296fb1df60617a6fd,6617c305fc13ae2ab5ab8bcc,175,DBT,Beginner,weather.com,Pending
6617c4f296fb1df60617a6fe,6617c305fc13ae2ab5ab8bcd,471,Express,Intermediate,ted.com,Approved
6617c4f296fb1df60617a6ff,6617c305fc13ae2ab5ab8bce,163,PowerBi,Advanced,ibm.com,Approved
6617c4f296fb1df60617a700,6617c305fc13ae2ab5ab8bcf,413,Next JS,Beginner,,Approved
6617c4f296fb1df60617a701,6617c305fc13ae2ab5ab8bd0,10,Java,Beginner,cocolog-nifty.com,Approved
6617c4f396fb1df60617a702,6617c305fc13ae2ab5ab8bd1,468,Node,Beginner,,Pending
6617c4f396fb1df60617a703,6617c305fc13ae2ab5ab8bd2,407,DBT,Intermediate,,Approved
6617c4f396fb1df60617a704,6617c305fc13ae2ab5ab8bd3,39,ADF,Beginner,,Pending
6617c4f396fb1df60617a705,6617c305fc13ae2ab5ab8bd4,332,PHP,Intermediate,nasa.gov,Pending
6617c4f396fb1df60617a706,6617c305fc13ae2ab5ab8bd5,463,Java,Intermediate,amazon.com,Approved
6617c4f396fb1df60617a707,6617c305fc13ae2ab5ab8bd6,337,AWS,Advanced,list-manage.com,Approved
6617c4f396fb1df60617a708,6617c305fc13ae2ab5ab8bd7,37,Snowflake,Beginner,jiathis.com,Approved
6617c4f396fb1df60617a709,6617c305fc13ae2ab5ab8bd8,50,React,Advanced,timesonline.co.uk,Pending
6617c4f396fb1df60617a70a,6617c305fc13ae2ab5ab8bd9,224,PowerBi,Advanced,,Approved
6617c4f396fb1df60617a70b,6617c305fc13ae2ab5ab8bda,183,C++,Advanced,pbs.org,Pending
6617c4f396fb1df60617a70c,6617c305fc13ae2ab5ab8bdb,51,React,Beginner,ask.com,Approved
6617c4f396fb1df60617a70d,6617c305fc13ae2ab5ab8bdc,362,HTML,Advanced,cdc.gov,Approved
6617c4f396fb1df60617a70e,6617c305fc13ae2ab5ab8bdd,360,Node,Beginner,baidu.com,Approved
6617c4f396fb1df60617a70f,6617c305fc13ae2ab5ab8bde,130,Next JS,Advanced,,Approved
6617c4f396fb1df60617a710,6617c305fc13ae2ab5ab8bdf,489,Node,Beginner,howstuffworks.com,Approved
6617c4f396fb1df60617a711,6617c305fc13ae2ab5ab8be0,472,MongoDB,Beginner,,Pending
6617c4f396fb1df60617a712,6617c305fc13ae2ab5ab8be1,316,Express,Intermediate,,Approved
6617c4f396fb1df60617a713,6617c305fc13ae2ab5ab8be2,431,Node,Intermediate,stumbleupon.com,Approved
6617c4f396fb1df60617a714,6617c305fc13ae2ab5ab8be3,156,Express,Intermediate,engadget.com,Approved
6617c4f396fb1df60617a715,6617c305fc13ae2ab5ab8be4,172,DBT,Intermediate,blinklist.com,Pending
6617c4f396fb1df60617a716,6617c305fc13ae2ab5ab8be5,332,JavaScript,Intermediate,dot.gov,Approved
6617c4f396fb1df60617a717,6617c305fc13ae2ab5ab8be6,320,PowerBi,Beginner,dailymotion.com,Pending
6617c4f396fb1df60617a718,6617c305fc13ae2ab5ab8be7,362,HTML,Advanced,,Approved
6617c4f396fb1df60617a719,6617c305fc13ae2ab5ab8be8,77,JavaScript,Intermediate,webeden.co.uk,Pending
